{"BTC/USDT:USDT": 70289.9, "ETH/USDT:USDT": 3486.0060000000003, "ADA/USDT:USDT": 0.5680614, "SOL/USDT:USDT": 169.14855964000003, "DOGE/USDT:USDT": 0.1940092, "BNB/USDT:USDT": 613.26938, "DOT/USDT:USDT": 8.23322, "XRP/USDT:USDT": 0.5983360000000001, "MATIC/USDT:USDT": 0.85746, "SAND/USDT:USDT": 0.5983508000000001, "GALA/USDT:USDT": 0.05672, "AVAX/USDT:USDT": 44.641780000000004, "APE/USDT:USDT": 1.5453999999999999, "LINK/USDT:USDT": 17.27326, "NEAR/USDT:USDT": 6.5994}