{"BTC/USDT:USDT": 71934.7527032671, "ETH/USDT:USDT": 3687.2114351615996, "ADA/USDT:USDT": 0.617395, "SOL/USDT:USDT": 178.9068, "DOGE/USDT:USDT": 0.20233552772385016, "BNB/USDT:USDT": 587.4556552, "DOT/USDT:USDT": 8.97903081377925, "XRP/USDT:USDT": 0.6234715999999999, "MATIC/USDT:USDT": 0.9406572768, "SAND/USDT:USDT": 0.6478755087337601, "GALA/USDT:USDT": 0.06543965784287872, "AVAX/USDT:USDT": 50.120567358465145, "APE/USDT:USDT": 1.7751, "LINK/USDT:USDT": 18.251469980654687, "NEAR/USDT:USDT": 7.3978}