{"BTC/USDT:USDT": 72041.35953486603, "ETH/USDT:USDT": 3705.9242373621764, "ADA/USDT:USDT": 0.6145589439706234, "SOL/USDT:USDT": 180.60656806097006, "DOGE/USDT:USDT": 0.204067235379663, "BNB/USDT:USDT": 589.5011343987711, "DOT/USDT:USDT": 8.9655, "XRP/USDT:USDT": 0.62697575248, "MATIC/USDT:USDT": 0.9452338474226682, "SAND/USDT:USDT": 0.6508573774751968, "GALA/USDT:USDT": 0.06492672, "AVAX/USDT:USDT": 50.15836923116484, "APE/USDT:USDT": 1.779564715081436, "LINK/USDT:USDT": 18.34406356418367, "NEAR/USDT:USDT": 7.427304759233254}